program,best_in_class_total_cost
Program_E,38613.95999999999
Program_C,18038.69
Program_D,32248.170000000002
Program_B,26464.93
Program_A,15784.319999999998
